block,neuron,n_dominant,recall_omp,recall_dual,recall_increment,mean_prominence,mean_raw_survival,mean_abs_coef,max_coherence,write_norm
0,17,64,1.0,1.0,1.0,0.435,2.7046,27.935,0.4428,4.6731
0,28,50,0.72,1.0,1.0,0.3557,3.0,17.0522,0.6209,4.8599
0,68,432,1.0,1.0,1.0,0.3751,2.9758,17.6609,0.3474,4.5431
0,97,82,1.0,1.0,1.0,0.3857,3.0,15.8632,0.5007,3.3378
0,124,82,1.0,1.0,1.0,0.4339,2.9123,21.7554,0.4266,4.4406
0,156,20,1.0,1.0,1.0,0.4145,3.0,16.8843,0.403,4.759
0,159,74,1.0,1.0,1.0,0.4068,2.9137,23.2867,0.4167,4.6273
0,168,98,0.9796,0.9898,1.0,0.3847,2.8299,22.1808,0.394,4.8871
0,173,78,0.6923,1.0,1.0,0.3909,3.0,21.1203,0.6195,3.204
0,223,157,1.0,1.0,1.0,0.3791,2.7821,23.899,0.4759,3.8626
0,243,232,0.9957,1.0,1.0,0.3545,2.9124,26.8761,0.4354,4.2491
0,279,44,0.9318,1.0,1.0,0.2615,2.97,13.9143,0.229,4.6369
0,282,45,1.0,1.0,1.0,0.3845,2.9505,19.8081,0.6592,4.9376
0,284,51,0.8235,1.0,1.0,0.3058,3.0,14.3634,0.4275,4.1594
0,289,32,0.875,1.0,1.0,0.2805,2.7281,18.7848,0.5081,4.6883
0,298,39,1.0,1.0,1.0,0.3528,2.5631,21.2429,0.3473,4.7212
0,341,35,1.0,1.0,1.0,0.4265,3.0,18.7976,0.5402,4.8099
0,387,274,0.9891,1.0,1.0,0.3793,3.0,12.1355,0.5936,4.0361
0,430,73,0.9726,1.0,1.0,0.3723,2.4961,23.1174,0.7386,5.0904
0,497,35,1.0,1.0,1.0,0.3651,3.0,15.4315,0.2778,4.4723
0,531,32,0.8125,1.0,1.0,0.3134,2.939,13.6536,0.4866,4.3994
0,661,30,1.0,1.0,1.0,0.4449,2.9999,19.7056,0.3521,4.4872
0,681,169,1.0,1.0,1.0,0.428,2.5984,28.3979,0.3619,4.6362
0,713,210,1.0,1.0,1.0,0.4445,3.0,19.4638,0.5038,3.9778
0,721,21,1.0,1.0,1.0,0.3756,2.9975,20.6093,0.2333,4.6944
0,767,271,1.0,1.0,1.0,0.3882,2.7487,21.1889,0.4756,4.2831
0,772,38,1.0,1.0,1.0,0.3365,2.9967,17.9386,0.3183,4.7431
0,792,20,1.0,1.0,1.0,0.3099,3.0,17.8709,0.4194,4.4014
0,805,26,1.0,1.0,1.0,0.4608,3.0,12.3568,0.5618,4.3495
0,816,277,0.9206,1.0,1.0,0.3022,3.0,11.9887,0.3631,4.5067
0,822,40,1.0,1.0,1.0,0.4067,3.0,18.9002,0.4024,4.7775
0,870,21,0.619,1.0,0.9524,0.2844,3.0,11.2012,0.7279,4.1024
0,877,42,1.0,1.0,1.0,0.3743,3.0,18.7498,0.4194,4.2844
0,898,246,1.0,1.0,1.0,0.4206,2.8379,24.0509,0.4928,4.3849
0,900,504,1.0,1.0,1.0,0.2371,1.662,25.6533,0.1913,4.7306
0,942,36,1.0,1.0,1.0,0.3729,2.5294,22.9214,0.4345,4.4635
0,1110,24,1.0,1.0,1.0,0.3796,2.5406,22.1808,0.3298,4.4859
0,1194,54,1.0,1.0,1.0,0.4357,3.0,16.9233,0.6195,3.5088
0,1217,51,1.0,1.0,1.0,0.4039,2.7571,22.5985,0.4569,4.2744
0,1226,130,1.0,1.0,1.0,0.4332,3.0,18.4504,0.4251,4.485
0,1237,130,1.0,1.0,1.0,0.4206,2.9734,16.2332,0.4409,4.3815
0,1297,185,1.0,1.0,1.0,0.4534,3.0,15.5248,0.4826,4.2259
0,1304,292,1.0,1.0,1.0,0.4801,2.8159,25.3779,0.542,4.4062
0,1365,37,1.0,1.0,1.0,0.456,3.0,20.9718,0.3749,4.3712
0,1377,79,1.0,1.0,1.0,0.3199,2.8221,20.2782,0.2692,4.6109
0,1400,31,1.0,1.0,1.0,0.3847,2.9254,18.0544,0.2844,4.4122
0,1427,63,1.0,1.0,1.0,0.4245,2.666,25.1162,0.453,4.6614
0,1445,73,0.9589,1.0,1.0,0.3699,2.9212,20.9131,0.6367,4.7602
0,1458,147,1.0,1.0,1.0,0.438,2.6284,27.7099,0.6951,4.8054
0,1485,106,0.8396,1.0,1.0,0.2853,2.9913,17.3329,0.2763,4.4684
0,1514,83,1.0,1.0,1.0,0.3848,3.0,10.7646,0.3749,4.305
0,1524,126,0.0238,0.8016,0.9683,0.1296,3.0,14.6117,0.6128,3.0973
0,1527,28,1.0,1.0,1.0,0.3339,2.9804,21.049,0.2614,4.2554
1,518,20,1.0,1.0,1.0,0.2726,1.6497,15.4674,0.1874,4.4392
2,90,187,0.0,0.9733,0.615,0.4668,0.4763,203.2905,0.9787,5.2667
5,17,48,0.0,0.0208,1.0,0.1214,0.2836,15.632,0.2802,4.0785
5,66,172,0.0407,0.2849,0.9767,0.1196,1.02,24.7224,0.4156,4.6885
5,754,93,0.172,0.2151,1.0,0.1249,1.0132,24.9133,0.3925,4.4091
5,1196,38,0.0263,0.1053,1.0,0.1073,1.3262,19.9204,0.3605,4.8567
6,621,23,0.0,0.0,1.0,0.0596,1.6067,13.5239,0.1842,4.5449
6,1025,35,0.4286,0.9429,1.0,0.2174,1.4366,20.8613,0.4156,4.3164
6,1233,23,0.9565,1.0,1.0,0.2196,0.8014,37.806,0.2084,4.7856
6,1386,29,0.0,0.0,1.0,0.0835,0.6427,31.4378,0.1816,4.8987
7,2,50,0.18,0.54,1.0,0.1538,1.1982,22.7125,0.241,4.5959
7,8,81,0.1235,0.679,1.0,0.1353,1.7745,26.9342,0.3491,5.2897
7,121,62,0.0645,0.9839,1.0,0.1995,1.3118,30.0767,0.368,4.7956
7,567,21,0.6667,0.9524,1.0,0.2441,1.8191,24.158,0.4237,4.9525
7,669,55,0.0727,0.9818,1.0,0.2172,2.2505,27.8331,0.4534,5.0653
7,1106,27,0.1481,0.7778,1.0,0.1739,2.6022,21.1773,0.3506,4.553
7,1227,20,0.15,0.75,1.0,0.1499,2.8678,14.012,0.3347,4.7119
7,1387,42,0.7857,1.0,1.0,0.2585,1.9623,21.6786,0.3455,4.2725
7,1433,27,0.5556,0.8889,1.0,0.1932,2.0213,27.473,0.2492,5.0702
8,197,20,1.0,1.0,1.0,0.321,1.2872,27.5383,0.171,5.1239
8,435,121,0.9669,1.0,1.0,0.2672,1.4318,36.0445,0.2515,5.1611
8,491,20,1.0,1.0,1.0,0.3782,1.4334,28.6579,0.3023,4.8456
8,569,23,0.4348,1.0,1.0,0.1754,2.0004,24.1616,0.211,4.7134
8,668,42,0.5476,0.9524,1.0,0.1912,2.0675,24.8651,0.4192,4.8621
8,716,27,1.0,1.0,1.0,0.2676,0.8376,29.7658,0.1944,4.6509
8,717,25,0.64,1.0,1.0,0.2465,1.122,34.0829,0.2735,5.2096
8,802,28,0.1071,0.1429,1.0,0.1144,2.7164,17.4774,0.3878,5.699
8,1188,309,0.0,0.0032,1.0,0.2246,2.912,24.2418,0.8383,4.25
8,1215,50,0.3,1.0,1.0,0.2712,1.4039,43.0238,0.3423,5.2669
8,1524,218,0.1468,0.3486,1.0,0.1376,0.6945,31.3234,0.2937,5.6153
9,237,64,0.2969,0.9844,1.0,0.1627,1.6699,28.6833,0.3227,5.1747
9,359,27,0.3333,0.5185,1.0,0.1089,1.2705,31.2445,0.2776,5.5312
9,773,51,0.0196,0.0,1.0,0.1188,0.3934,30.3147,0.4332,4.4112
9,845,48,0.2292,0.4583,1.0,0.1241,1.0263,25.475,0.1848,5.5189
9,868,48,0.0,0.0,1.0,0.0928,3.0,17.2829,0.6028,5.4912
9,1066,22,0.2727,0.9545,1.0,0.1997,2.4465,22.6531,0.4205,4.9181
9,1095,37,1.0,1.0,1.0,0.3684,1.4352,34.2765,0.2696,4.9472
9,1183,22,0.9091,0.8636,1.0,0.2008,1.7456,26.0696,0.2353,4.8595
9,1372,25,0.84,0.96,1.0,0.1881,1.602,19.5668,0.2616,5.2728
10,222,108,0.463,1.0,1.0,0.4936,-0.6463,32.2459,0.9082,4.8213
10,317,134,0.8731,0.9627,1.0,0.1706,1.3834,31.068,0.333,4.5754
10,486,29,0.069,0.0,1.0,0.0526,2.018,21.1537,0.3756,4.8781
11,127,98,0.3776,0.6939,1.0,0.1577,1.1827,25.664,0.7816,6.1327
11,621,27,0.1481,0.1852,1.0,0.1299,0.7502,15.929,0.3327,4.6486
11,709,51,0.3333,0.6078,1.0,0.1439,1.8434,22.8323,0.3127,4.8557
11,789,26,0.1538,0.5769,1.0,0.1145,2.9969,22.2329,0.6373,5.0631
11,1278,106,0.8208,0.9623,1.0,0.2448,0.5186,48.3312,0.21,6.4599
12,570,269,0.9926,0.9405,0.948,0.2189,0.9616,46.9716,0.2031,6.1423
12,901,20,1.0,1.0,1.0,0.2767,0.741,47.9289,0.246,5.3192
12,1532,23,0.7391,0.8696,1.0,0.1841,1.9059,20.8945,0.2094,5.3463
12,1534,20,1.0,1.0,1.0,0.2412,1.1951,25.0113,0.2229,4.3591
13,480,40,0.375,0.4,1.0,0.1117,2.6257,25.0875,0.3572,4.3974
13,918,30,0.7,0.6,1.0,0.1515,2.3351,24.1757,0.3106,4.2971
13,1136,27,0.0,0.0,1.0,0.1234,-1.0741,14.1813,0.7158,4.2995
13,1210,20,1.0,1.0,1.0,0.2697,1.4329,44.1274,0.232,4.3412
13,1392,92,0.8913,0.9674,1.0,0.2009,2.3046,21.1316,0.3551,3.9791
14,31,36,0.8611,0.4167,1.0,0.1432,1.7862,17.2013,0.353,5.5132
14,226,48,0.0,0.0,0.9583,0.0785,3.0,15.9458,0.6941,4.316
14,410,139,1.0,1.0,1.0,0.3216,1.5003,36.2891,0.28,5.1525
14,428,20,0.25,1.0,1.0,0.4427,2.4585,19.6706,0.6209,4.8216
14,531,51,0.9804,0.9804,1.0,0.2345,1.9358,29.6284,0.3162,4.731
14,603,115,1.0,1.0,1.0,0.3212,1.1887,23.3246,0.7386,5.2199
14,813,20,1.0,1.0,1.0,0.2815,1.9429,26.7185,0.2427,4.5542
14,1087,24,1.0,1.0,1.0,0.3065,2.2684,25.8201,0.3257,4.1849
14,1273,28,1.0,1.0,1.0,0.277,2.0486,21.9785,0.2618,3.8445
14,1449,33,0.6667,0.697,1.0,0.1737,2.4258,20.1078,0.4679,3.8921
15,16,34,1.0,1.0,1.0,0.3753,1.8168,14.6162,0.2772,3.8431
15,29,35,0.9714,0.9714,1.0,0.243,2.4254,25.7769,0.435,4.9939
15,410,31,0.2581,0.0,1.0,0.0856,1.258,13.3201,0.1973,5.2606
15,1262,33,0.9697,0.9091,1.0,0.2419,2.6312,23.1697,0.3167,4.6159
